{
  "geometry.rmsp.dino": {
    "bones": [
      {
        "pivot": [ 0, 24, 0 ],
         "rotation": [ 0, 0, 0 ],
          "cubes": [ 
           {
            "origin": [ -5, 16, 0 ],
            "size": [ 5, 4, 7 ],
            "uv": [ 17, 20 ],
            "inflate": 0,
            "mirror": false
          },
           {
            "origin": [ 0, 16, 0 ],
            "size": [ 5, 4, 7 ],
            "uv": [ 17, 20 ],
            "inflate": 0,
            "mirror": true
          },
           {
            "origin": [ -5, 16, 7 ],
            "size": [ 5, 4, 7 ],
            "uv": [ 17, 20 ],
            "inflate": 0,
            "mirror": false
          },
           {
            "origin": [ 0, 16, 7 ],
            "size": [ 5, 4, 7 ],
            "uv": [ 17, 20 ],
            "inflate": 0,
            "mirror": true
          },
           {
            "origin": [ -5, 12, 0 ],
            "size": [ 5, 4, 7 ],
            "uv": [ 32, 0 ],
            "inflate": 0,
            "mirror": false
          },
           {
            "origin": [ 0, 12, 0 ],
            "size": [ 5, 4, 7 ],
            "uv": [ 32, 0 ],
            "inflate": 0,
            "mirror": true
          },
           {
            "origin": [ -5, 12, 7 ],
            "size": [ 5, 4, 7 ],
            "uv": [ 32, 0 ],
            "inflate": 0,
            "mirror": false
          },
           {
            "origin": [ 0, 12, 7 ],
            "size": [ 5, 4, 7 ],
            "uv": [ 32, 0 ],
            "inflate": 0,
            "mirror": true
          },
           {
            "origin": [ -3, 12, 14 ],
            "size": [ 6, 8, 10 ],
            "uv": [ 0, 41 ],
            "inflate": 0,
            "mirror": true
          },
           {
            "origin": [ -2.5, 12.5, 24 ],
            "size": [ 5, 7, 10 ],
            "uv": [ 34, 33 ],
            "inflate": 0,
            "mirror": true
          },
           {
            "origin": [ -1.5, 13.5, 34 ],
            "size": [ 3, 5, 9 ],
            "uv": [ 23, 50 ],
            "inflate": 0,
            "mirror": true
          }
        ],
        "META_BoneType": "base",
        "name": "body",
        "parent": null
      },
      {
        "pivot": [ 0, 24, 0 ],
         "rotation": [ 0, 0, 0 ],
          "cubes": [ 
           {
            "origin": [ 0, 0, 0 ],
            "size": [ 0, 0, 0 ],
            "uv": [ 0, 0 ],
            "inflate": 0,
            "mirror": false
          }
        ],
        "META_BoneType": "armor",
        "name": "bodyArmor",
        "parent": "body"
      },
      {
        "pivot": [ 0, 12, 0 ],
         "rotation": [ 0, 0, 0 ],
          "cubes": [ 
           {
            "origin": [ 0, 0, 0 ],
            "size": [ 0, 0, 0 ],
            "uv": [ 0, 0 ],
            "inflate": 0,
            "mirror": false
          }
        ],
        "META_BoneType": "armor",
        "name": "belt",
        "parent": "body"
      },
      {
        "pivot": [ 0, 20, 0 ],
         "rotation": [ 0, 0, 0 ],
          "cubes": [ 
           {
            "origin": [ -4, 23.5, -4 ],
            "size": [ 8, 8, 8 ],
            "uv": [ 0, 0 ],
            "inflate": 0,
            "mirror": false
          },
           {
            "origin": [ -3, 23.5, -10 ],
            "size": [ 6, 5, 6 ],
            "uv": [ 0, 16 ],
            "inflate": 0,
            "mirror": true
          },
           {
            "origin": [ -3, 19.5, 0.5 ],
            "size": [ 6, 10, 4 ],
            "uv": [ 0, 27 ],
            "inflate": 0,
            "mirror": false
          } 
        ],
        "META_BoneType": "base",
        "name": "head",
        "parent": null
      },
      {
        "pivot": [ 0, 24, 0 ],
         "rotation": [ 0, 0, 0 ],
          "cubes": [ 
           {
            "origin": [ -4, 24, -4 ],
            "size": [ 0, 0, 0 ],
            "uv": [ 0, 0 ],
            "inflate": 0.5,
            "mirror": false
          }
        ],
        "META_BoneType": "clothing",
        "name": "hat",
        "parent": "head"
      },
      {
        "pivot": [ 0, 24, 0 ],
         "rotation": [ 0, 0, 0 ],
          "cubes": [ 
           {
            "origin": [ 0, 24, 0 ],
            "size": [ 0, 0, 0 ],
            "uv": [ 0, 0 ],
            "inflate": 0,
            "mirror": false
          }
        ],
        "META_BoneType": "armor",
        "name": "helmet",
        "parent": "head"
      },
      {
        "pivot": [ 6, 15, -4 ],
         "rotation": [ 0, 0, 0 ],
          "cubes": [ 
           {
            "origin": [ 5, 12, -4 ],
            "size": [ 2, 4, 4 ],
            "uv": [ 20, 31 ],
            "inflate": 0,
            "mirror": true
          },
           {
            "origin": [ 5, 10, -8 ],
            "size": [ 2, 2, 8 ],
            "uv": [ 24, 31 ],
            "inflate": 0,
            "mirror": true
          },
           {
            "origin": [ 5, 9, -8 ],
            "size": [ 2, 1, 1 ],
            "uv": [ 0, 16 ],
            "inflate": 0,
            "mirror": true
          }
        ],
        "META_BoneType": "base",
        "name": "leftArm",
        "parent": "body"
      },
      {
        "pivot": [ -7, 15, -4 ],
         "rotation": [ 0, 0, 0 ],
          "cubes": [ 
           {
            "origin": [ -8, 12, -4 ],
            "size": [ 2, 4, 4 ],
            "uv": [ 20, 31 ],
            "inflate": 0,
            "mirror": false
          },
           {
            "origin": [ -8, 10, -8 ],
            "size": [ 2, 2, 8 ],
            "uv": [ 24, 31 ],
            "inflate": 0,
            "mirror": false
          },
           {
            "origin": [ -8, 9, -8 ],
            "size": [ 2, 1, 1 ],
            "uv": [ 0, 16 ],
            "inflate": 0,
            "mirror": false
          }
        ],
        "META_BoneType": "base",
        "name": "rightArm",
        "parent": "body"
      },
      {
        "pivot": [ 5, 22, 0 ],
         "rotation": [ 0, 0, 0 ],
          "cubes": [ 
           {
            "origin": [ 8, 10, -2 ],
            "size": [ 0, 0, 0 ],
            "uv": [ 0, 0 ],
            "inflate": 0,
            "mirror": true
          }
        ],
        "META_BoneType": "armor",
        "name": "leftArmArmor",
        "parent": "leftArm"
      },
      {
        "pivot": [ -5, 22, 0 ],
         "rotation": [ 0, 0, 0 ],
          "cubes": [ 
           {
            "origin": [ -12, 10, -2 ],
            "size": [ 0, 0, 0 ],
            "uv": [ 0, 0 ],
            "inflate": 0,
            "mirror": false
          }
        ],
        "META_BoneType": "armor",
        "name": "rightArmArmor",
        "parent": "rightArm"
      },
      {
        "pivot": [ 5, 22, 0 ],
         "rotation": [ 0, 0, 0 ],
          "cubes": [ 
           {
            "origin": [ 4, 12, -2 ],
            "size": [ 0, 0, 0 ],
            "uv": [ 0, 0 ],
            "inflate": 0.25,
            "mirror": false
          }
        ],
        "META_BoneType": "clothing",
        "name": "leftSleeve",
        "parent": "leftArm"
      },
      {
        "pivot": [ -5, 22, 0 ],
         "rotation": [ 0, 0, 0 ],
          "cubes": [ 
           {
            "origin": [ -8, 12, -2 ],
            "size": [ 0, 0, 0 ],
            "uv": [ 0, 0 ],
            "inflate": 0.25,
            "mirror": false
          }
        ],
        "META_BoneType": "clothing",
        "name": "rightSleeve",
        "parent": "rightArm"
      },
      {
        "pivot": [ 3.5, 13, 11 ],
         "rotation": [ 0, 0, 0 ],
          "cubes": [ 
           {
            "origin": [ 3.5, 10, 8 ],
            "size": [ 3, 6, 6 ],
            "uv": [ 34, 11 ],
            "inflate": 0,
            "mirror": true
          },
           {
            "origin": [ 3.5, 4, 11 ],
            "size": [ 3, 6, 3 ],
            "uv": [ 52, 11 ],
            "inflate": 0,
            "mirror": true
          },
           {
            "origin": [ 3.5, 0, 10 ],
            "size": [ 3, 4, 3 ],
            "uv": [ 52, 11 ],
            "inflate": 0,
            "mirror": true
          },
           {
            "origin": [ 4.5, 2.3, 13.5 ],
            "size": [ 1, 2, 1 ],
            "uv": [ 0, 0 ],
            "inflate": 0,
            "mirror": true
          },
           {
            "origin": [ 3, 0, 7.8 ],
            "size": [ 4, 2, 5 ],
            "uv": [ 36, 26 ],
            "inflate": 0,
            "mirror": true
          },
           {
            "origin": [ 3.5, 0, 6.8 ],
            "size": [ 1, 1, 1 ],
            "uv": [ 0, 16 ],
            "inflate": 0,
            "mirror": true
          },
           {
            "origin": [ 5.5, 0, 6.8 ],
            "size": [ 1, 1, 1 ],
            "uv": [ 0, 16 ],
            "inflate": 0,
            "mirror": true
          }
        ],
        "META_BoneType": "base",
        "name": "leftLeg",
        "parent": null
      },
      {
        "pivot": [ -6.5, 12, 11 ],
         "rotation": [ 0, 0, 0 ],
          "cubes": [ 
           {
            "origin": [ -6.5, 10, 8 ],
            "size": [ 3, 6, 6 ],
            "uv": [ 34, 11 ],
            "inflate": 0,
            "mirror": false
          },
           {
            "origin": [ -6.5, 4, 11 ],
            "size": [ 3, 6, 3 ],
            "uv": [ 52, 11 ],
            "inflate": 0,
            "mirror": false
          },
           {
            "origin": [ -6.5, 0, 10 ],
            "size": [ 3, 4, 3 ],
            "uv": [ 52, 11 ],
            "inflate": 0,
            "mirror": false
          },
           {
            "origin": [ -5.5, 2.3, 13.5 ],
            "size": [ 1, 2, 1 ],
            "uv": [ 0, 0 ],
            "inflate": 0,
            "mirror": false
          },
           {
            "origin": [ -7, 0, 7.8 ],
            "size": [ 4, 2, 5 ],
            "uv": [ 36, 26 ],
            "inflate": 0,
            "mirror": false
          },
           {
            "origin": [ -6.5, 0, 6.8 ],
            "size": [ 1, 1, 1 ],
            "uv": [ 0, 16 ],
            "inflate": 0,
            "mirror": false
          },
           {
            "origin": [ -4.5, 0, 6.8 ],
            "size": [ 1, 1, 1 ],
            "uv": [ 0, 16 ],
            "inflate": 0,
            "mirror": false
          }
        ],
        "META_BoneType": "base",
        "name": "rightLeg",
        "parent": null
      },
      {
        "pivot": [ 1.9, 12, 0 ],
         "rotation": [ 0, 0, 0 ],
          "cubes": [ 
           {
            "origin": [ 0, 0, 0 ],
            "size": [ 0, 0, 0 ],
            "uv": [ 0, 0 ],
            "inflate": 0,
            "mirror": false
          }
        ],
        "META_BoneType": "armor",
        "name": "leftLegging",
        "parent": "leftLeg"
      },
      {
        "pivot": [ -1.9, 12, 0 ],
         "rotation": [ 0, 0, 0 ],
          "cubes": [ 
           {
            "origin": [ 0, 0, 0 ],
            "size": [ 0, 0, 0 ],
            "uv": [ 0, 0 ],
            "inflate": 0,
            "mirror": false
          }
        ],
        "META_BoneType": "armor",
        "name": "rightLegging",
        "parent": "rightLeg"
      },
      {
        "pivot": [ 1.9, 12, 0 ],
         "rotation": [ 0, 0, 0 ],
          "cubes": [ 
           {
            "origin": [ -0.1, 0, -2 ],
            "size": [ 0, 0, 0 ],
            "uv": [ 0, 0 ],
            "inflate": 0,
            "mirror": false
          }
        ],
        "META_BoneType": "clothing",
        "name": "leftPants",
        "parent": "leftLeg"
      },
      {
        "pivot": [ -1.9, 12, 0 ],
         "rotation": [ 0, 0, 0 ],
          "cubes": [ 
           {
            "origin": [ -3.9, 0, -2 ],
            "size": [ 0, 0, 0 ],
            "uv": [ 0, 0 ],
            "inflate": 0,
            "mirror": false
          }
        ],
        "META_BoneType": "clothing",
        "name": "rightPants",
        "parent": "rightLeg"
      },
      {
        "pivot": [ 0, 24, 0 ],
         "rotation": [ 0, 0, 0 ],
          "cubes": [ 
           {
            "origin": [ -4, 12, -2 ],
            "size": [ 0, 0, 0 ],
            "uv": [ 0, 0 ],
            "inflate": 0,
            "mirror": false
          }
        ],
        "META_BoneType": "clothing",
        "name": "jacket",
        "parent": "body"
      },
      {
        "pivot": [ 0, 24, 0 ],
         "rotation": [ 0, 0, 0 ],
          "cubes": [],
        "META_BoneType": "armor_offset",
        "name": "helmetArmorOffset",
        "parent": "head"
      },
      {
        "pivot": [ 0, 24, 0 ],
         "rotation": [ 0, 0, 0 ],
          "cubes": [],
        "META_BoneType": "armor_offset",
        "name": "bodyArmorOffset",
        "parent": "body"
      },
      {
        "pivot": [ -5, 22, 0 ],
         "rotation": [ 0, 0, 0 ],
          "cubes": [],
        "META_BoneType": "armor_offset",
        "name": "rightArmArmorOffset",
        "parent": "rightArm"
      },
      {
        "pivot": [ 5, 22, 0 ],
         "rotation": [ 0, 0, 0 ],
          "cubes": [],
        "META_BoneType": "armor_offset",
        "name": "leftArmArmorOffset",
        "parent": "leftArm"
      },
      {
        "pivot": [ 0, 12, 0 ],
         "rotation": [ 0, 0, 0 ],
          "cubes": [],
        "META_BoneType": "armor_offset",
        "name": "waist",
        "parent": "body"
      },
      {
        "pivot": [ -1.9, 12, 0 ],
         "rotation": [ 0, 0, 0 ],
          "cubes": [],
        "META_BoneType": "armor_offset",
        "name": "rightLegArmorOffset",
        "parent": "rightLeg"
      },
      {
        "pivot": [ 1.9, 12, 0 ],
         "rotation": [ 0, 0, 0 ],
          "cubes": [],
        "META_BoneType": "armor_offset",
        "name": "leftLegArmorOffset",
        "parent": "leftLeg"
      },
      {
        "pivot": [ -1.9, 12, 0 ],
         "rotation": [ 0, 0, 0 ],
          "cubes": [],
        "META_BoneType": "armor_offset",
        "name": "rightBootArmorOffset",
        "parent": "rightLeg"
      },
      {
        "pivot": [ 1.9, 12, 0 ],
         "rotation": [ 0, 0, 0 ],
          "cubes": [],
        "META_BoneType": "armor_offset",
        "name": "leftBootArmorOffset",
        "parent": "leftLeg"
      },
      {
        "pivot": [ -7.3, 11, -4 ],
         "rotation": [ 0, 0, 0 ],
          "cubes": [],
        "META_BoneType": "item",
        "name": "rightItem",
        "parent": "rightArm"
      },
      {
        "pivot": [ -3, 24, -10 ],
         "rotation": [ 0, 0, 0 ],
          "cubes": [],
        "META_BoneType": "item",
        "name": "leftitem",
        "parent": "leftArm"
      }
    ],
    "texturewidth": 64,
    "textureheight": 64,
    "META_ModelVersion": "1.0.6",
    "rigtype": "normal",
    "animationArmsDown": false,
    "animationArmsOutFront": false,
    "animationStatueOfLibertyArms": false,
    "animationSingleArmAnimation": false,
    "animationStationaryLegs": false,
    "animationSingleLegAnimation": false,
    "animationNoHeadBob": false,
    "animationDontShowArmor": true,
    "animationUpsideDown": false,
    "animationInvertedCrouch": false
  },
  "geometry.rmsp.diplo": {
    "bones": [
      {
        "pivot": [ 0, 24, 0 ],
         "rotation": [ 0, 0, 0 ],
          "cubes": [ 
           {
            "origin": [ -7, 21, -4 ],
            "size": [ 6, 5, 8 ],
            "uv": [ 18, 8 ],
            "inflate": 1,
            "mirror": false
          },
           {
            "origin": [ 1, 21, -4 ],
            "size": [ 6, 5, 8 ],
            "uv": [ 18, 8 ],
            "inflate": 1,
            "mirror": true
          },
           {
            "origin": [ -7, 21, 6 ],
            "size": [ 6, 5, 8 ],
            "uv": [ 18, 8 ],
            "inflate": 1,
            "mirror": false
          },
           {
            "origin": [ 1, 21, 6 ],
            "size": [ 6, 5, 8 ],
            "uv": [ 18, 8 ],
            "inflate": 1,
            "mirror": true
          },
           {
            "origin": [ -7, 21, 16 ],
            "size": [ 6, 5, 8 ],
            "uv": [ 18, 8 ],
            "inflate": 1,
            "mirror": false
          },
           {
            "origin": [ 1, 21, 16 ],
            "size": [ 6, 5, 8 ],
            "uv": [ 18, 8 ],
            "inflate": 1,
            "mirror": true
          },
           {
            "origin": [ -7, 14, -4 ],
            "size": [ 6, 5, 8 ],
            "uv": [ 0, 13 ],
            "inflate": 1,
            "mirror": true
          },
           {
            "origin": [ 1, 14, -4 ],
            "size": [ 6, 5, 8 ],
            "uv": [ 0, 13 ],
            "inflate": 1,
            "mirror": false
          },
           {
            "origin": [ -7, 14, 6 ],
            "size": [ 6, 5, 8 ],
            "uv": [ 0, 13 ],
            "inflate": 1,
            "mirror": true
          },
           {
            "origin": [ 1, 14, 6 ],
            "size": [ 6, 5, 8 ],
            "uv": [ 0, 13 ],
            "inflate": 1,
            "mirror": false
          },
           {
            "origin": [ -7, 14, 16 ],
            "size": [ 6, 5, 8 ],
            "uv": [ 0, 13 ],
            "inflate": 1,
            "mirror": true
          },
           {
            "origin": [ 1, 14, 16 ],
            "size": [ 6, 5, 8 ],
            "uv": [ 0, 13 ],
            "inflate": 1,
            "mirror": false
          },
           {
            "origin": [ -5, 15, 26 ],
            "size": [ 10, 10, 10 ],
            "uv": [ 0, 26 ],
            "inflate": 1,
            "mirror": false
          },
           {
            "origin": [ -5, 15, 36.9 ],
            "size": [ 10, 10, 10 ],
            "uv": [ 0, 26 ],
            "inflate": 1,
            "mirror": false
          },
           {
            "origin": [ -4, 15, 47.6 ],
            "size": [ 8, 10, 8 ],
            "uv": [ 0, 46 ],
            "inflate": 1,
            "mirror": false
          },
           {
            "origin": [ -4, 15, 57 ],
            "size": [ 8, 10, 8 ],
            "uv": [ 0, 46 ],
            "inflate": 0.5,
            "mirror": false
          }
        ],
        "META_BoneType": "base",
        "name": "body",
        "parent": null
      },
      {
        "pivot": [ 0, 24, 0 ],
         "rotation": [ 0, 0, 0 ],
          "cubes": [ 
           {
            "origin": [ -4, 55, -8 ],
            "size": [ 8, 8, 8 ],
            "uv": [ 32, 0 ],
            "inflate": 1.5,
            "mirror": false
          },
           {
            "origin": [ -3, 54.5, -16 ],
            "size": [ 6, 5, 6 ],
            "uv": [ 46, 16 ],
            "inflate": 1,
            "mirror": false
          },
           {
            "origin": [ -3, 43, -3 ],
            "size": [ 6, 15, 4 ],
            "uv": [ 44, 27 ],
            "inflate": 1,
            "mirror": false
          },
           {
            "origin": [ -3, 26.2, -3 ],
            "size": [ 6, 15, 4 ],
            "uv": [ 44, 27 ],
            "inflate": 1,
            "mirror": false
          }
        ],
        "META_BoneType": "base",
        "name": "head",
        "parent": null
      },
      {
        "pivot": [ 0, 24, 0 ],
         "rotation": [ 0, 0, 0 ],
          "cubes": [ 
           {
            "origin": [ -4, 24, -4 ],
            "size": [ 0, 0, 0 ],
            "uv": [ 0, 0 ],
            "inflate": 0,
            "mirror": false
          }
        ],
        "META_BoneType": "clothing",
        "name": "hat",
        "parent": "head"
      },
      {
        "pivot": [ 5, 14, 0 ],
         "rotation": [ 0, 0, 0 ],
          "cubes": [ 
           {
            "origin": [ 4, 7, -2 ],
            "size": [ 5, 7, 5 ],
            "uv": [ 32, 52 ],
            "inflate": 0,
            "mirror": true
          },
           {
            "origin": [ 4, 0, -2 ],
            "size": [ 5, 7, 5 ],
            "uv": [ 0, 0 ],
            "inflate": 0,
            "mirror": true
          }
        ],
        "META_BoneType": "base",
        "name": "leftArm",
        "parent": null
      },
      {
        "pivot": [ -5, 14, 0 ],
         "rotation": [ 0, 0, 0 ],
          "cubes": [ 
           {
            "origin": [ -9, 7, -2 ],
            "size": [ 5, 7, 5 ],
            "uv": [ 32, 52 ],
            "inflate": 0,
            "mirror": false
          },
           {
            "origin": [ -9, 0, -2 ],
            "size": [ 5, 7, 5 ],
            "uv": [ 0, 0 ],
            "inflate": 0,
            "mirror": false
          }
        ],
        "META_BoneType": "base",
        "name": "rightArm",
        "parent": null
      },
      {
        "pivot": [ 5, 22, 0 ],
         "rotation": [ 0, 0, 0 ],
          "cubes": [ ],
        "META_BoneType": "clothing",
        "name": "leftSleeve",
        "parent": "leftArm"
      },
      {
        "pivot": [ -5, 22, 0 ],
         "rotation": [ 0, 0, 0 ],
          "cubes": [ ],
        "META_BoneType": "clothing",
        "name": "rightSleeve",
        "parent": "rightArm"
      },
      {
        "pivot": [ 4, 14, 18 ],
         "rotation": [ 0, 0, 0 ],
          "cubes": [ 
           {
            "origin": [ 4, 7, 16 ],
            "size": [ 5, 7, 5 ],
            "uv": [ 32, 52 ],
            "inflate": 0,
            "mirror": true
          },
           {
            "origin": [ 4, 0, 16 ],
            "size": [ 5, 7, 5 ],
            "uv": [ 0, 0 ],
            "inflate": 0,
            "mirror": true
          }
        ],
        "META_BoneType": "base",
        "name": "leftLeg",
        "parent": null
      },
      {
        "pivot": [ -9, 14, 18 ],
         "rotation": [ 0, 0, 0 ],
          "cubes": [ 
           {
            "origin": [ -9, 7, 16 ],
            "size": [ 5, 7, 5 ],
            "uv": [ 32, 52 ],
            "inflate": 0,
            "mirror": false
          },
           {
            "origin": [ -9, 0, 16 ],
            "size": [ 5, 7, 5 ],
            "uv": [ 0, 0 ],
            "inflate": 0,
            "mirror": false
          }
        ],
        "META_BoneType": "base",
        "name": "rightLeg",
        "parent": null
      },
      {
        "pivot": [ 1.9, 12, 0 ],
         "rotation": [ 0, 0, 0 ],
          "cubes": [ ],
        "META_BoneType": "clothing",
        "name": "leftPants",
        "parent": "leftLeg"
      },
      {
        "pivot": [ -1.9, 12, 0 ],
         "rotation": [ 0, 0, 0 ],
          "cubes": [ ],
        "META_BoneType": "clothing",
        "name": "rightPants",
        "parent": "rightLeg"
      },
      {
        "pivot": [ 0, 24, 0 ],
         "rotation": [ 0, 0, 0 ],
          "cubes": [ ],
        "META_BoneType": "clothing",
        "name": "jacket",
        "parent": "body"
      },
      {
        "pivot": [ 0, 12, 0 ],
         "rotation": [ 0, 0, 0 ],
          "cubes": [],
        "META_BoneType": "armor_offset",
        "name": "waist",
        "parent": "body"
      },
      {
        "pivot": [ -6, 2, -1 ],
         "rotation": [ 0, 0, 0 ],
          "cubes": [],
        "META_BoneType": "item",
        "name": "rightItem",
        "parent": "rightArm"
      },
      {
        "pivot": [ 6, 2, 0 ],
         "rotation": [ 0, 0, 0 ],
          "cubes": [],
        "META_BoneType": "item",
        "name": "leftItem",
        "parent": "leftArm"
      }
    ],
    "texturewidth": 64,
    "textureheight": 64,
    "META_ModelVersion": "1.0.6",
    "rigtype": "normal",
    "animationArmsDown": false,
    "animationArmsOutFront": false,
    "animationStatueOfLibertyArms": false,
    "animationSingleArmAnimation": false,
    "animationStationaryLegs": false,
    "animationSingleLegAnimation": false,
    "animationNoHeadBob": false,
    "animationUpsideDown": false,
    "animationInvertedCrouch": false,
    "animationDontShowArmor": true
  },
 "geometry.rmsp.egg": {
    "bones": [
      {
        "pivot": [ 0, 24, 0 ],
         "rotation": [ 0, 0, 0 ],
          "cubes": [ 
           {
            "origin": [ -4, 12, -2 ],
            "size": [ 0, 0, 0 ],
            "uv": [ 0, 0 ],
            "inflate": 0,
            "mirror": false
          }
        ],
        "META_BoneType": "base",
        "name": "body",
        "parent": null
      },
      {
        "pivot": [ 0, 24, 0 ],
         "rotation": [ 0, 0, 0 ],
          "cubes": [ 
           {
            "origin": [ 0, 0, 0 ],
            "size": [ 0, 0, 0 ],
            "uv": [ 0, 0 ],
            "inflate": 0,
            "mirror": false
          }
        ],
        "META_BoneType": "armor",
        "name": "bodyArmor",
        "parent": "body"
      },
      {
        "pivot": [ 0, 12, 0 ],
         "rotation": [ 0, 0, 0 ],
          "cubes": [ 
           {
            "origin": [ 0, 0, 0 ],
            "size": [ 0, 0, 0 ],
            "uv": [ 0, 0 ],
            "inflate": 0,
            "mirror": false
          }
        ],
        "META_BoneType": "armor",
        "name": "belt",
        "parent": "body"
      },
      {
        "pivot": [ 0, 24, 0 ],
         "rotation": [ 0, 0, 0 ],
          "cubes": [ 
           {
            "origin": [ -4, 24, -4 ],
            "size": [ 0, 0, 0 ],
            "uv": [ 0, 0 ],
            "inflate": 0,
            "mirror": false
          }
        ],
        "META_BoneType": "base",
        "name": "head",
        "parent": null
      },
      {
        "pivot": [ 0, 24, 0 ],
         "rotation": [ 0, 0, 0 ],
          "cubes": [ 
           {
            "origin": [ -4, 24, -4 ],
            "size": [ 0, 0, 0 ],
            "uv": [ 0, 0 ],
            "inflate": 0.5,
            "mirror": false
          }
        ],
        "META_BoneType": "clothing",
        "name": "hat",
        "parent": "head"
      },
      {
        "pivot": [ 0, 24, 0 ],
         "rotation": [ 0, 0, 0 ],
          "cubes": [ 
           {
            "origin": [ 0, 24, 0 ],
            "size": [ 0, 0, 0 ],
            "uv": [ 0, 0 ],
            "inflate": 0,
            "mirror": false
          }
        ],
        "META_BoneType": "armor",
        "name": "helmet",
        "parent": "head"
      },
      {
        "pivot": [ 6, 12, 0 ],
         "rotation": [ 0, 0, 0 ],
          "cubes": [ 
           {
            "origin": [ 4, 12, -2 ],
            "size": [ 0, 0, 0 ],
            "uv": [ 0, 0 ],
            "inflate": 0,
            "mirror": false
          }
        ],
        "META_BoneType": "base",
        "name": "leftArm",
        "parent": null
      },
      {
        "pivot": [ -6, 12, 0 ],
         "rotation": [ 0, 0, 0 ],
          "cubes": [ 
           {
            "origin": [ -8, 12, -2 ],
            "size": [ 0, 0, 0 ],
            "uv": [ 0, 0 ],
            "inflate": 0,
            "mirror": false
          }
        ],
        "META_BoneType": "base",
        "name": "rightArm",
        "parent": null
      },
      {
        "pivot": [ 5, 22, 0 ],
         "rotation": [ 0, 0, 0 ],
          "cubes": [ 
           {
            "origin": [ 0, 0, 0 ],
            "size": [ 0, 0, 0 ],
            "uv": [ 0, 0 ],
            "inflate": 0,
            "mirror": false
          }
        ],
        "META_BoneType": "armor",
        "name": "leftArmArmor",
        "parent": "leftArm"
      },
      {
        "pivot": [ -5, 22, 0 ],
         "rotation": [ 0, 0, 0 ],
          "cubes": [ 
           {
            "origin": [ 0, 0, 0 ],
            "size": [ 0, 0, 0 ],
            "uv": [ 0, 0 ],
            "inflate": 0,
            "mirror": false
          }
        ],
        "META_BoneType": "armor",
        "name": "rightArmArmor",
        "parent": "rightArm"
      },
      {
        "pivot": [ 5, 22, 0 ],
         "rotation": [ 0, 0, 0 ],
          "cubes": [ 
           {
            "origin": [ 4, 12, -2 ],
            "size": [ 0, 0, 0 ],
            "uv": [ 0, 0 ],
            "inflate": 0.25,
            "mirror": false
          }
        ],
        "META_BoneType": "clothing",
        "name": "leftSleeve",
        "parent": "leftArm"
      },
      {
        "pivot": [ -5, 22, 0 ],
         "rotation": [ 0, 0, 0 ],
          "cubes": [ 
           {
            "origin": [ -8, 12, -2 ],
            "size": [ 0, 0, 0 ],
            "uv": [ 0, 0 ],
            "inflate": 0.25,
            "mirror": false
          }
        ],
        "META_BoneType": "clothing",
        "name": "rightSleeve",
        "parent": "rightArm"
      },
      {
        "pivot": [ 1.9, 12, 0 ],
         "rotation": [ 0, 0, 0 ],
          "cubes": [ ],
        "META_BoneType": "base",
        "name": "leftLeg",
        "parent": null
      },
      {
        "pivot": [ -1.9, 12, 0 ],
         "rotation": [ 0, 0, 0 ],
          "cubes": [ 
           {
            "origin": [ -4, 0, -3 ],
            "size": [ 8, 1, 8 ],
            "uv": [ 0, 27 ],
            "inflate": 0,
            "mirror": false
          },
           {
            "origin": [ -5, 1, -4 ],
            "size": [ 10, 2, 10 ],
            "uv": [ 0, 15 ],
            "inflate": 0,
            "mirror": false
          },
           {
            "origin": [ -6, 3, -5 ],
            "size": [ 12, 3, 12 ],
            "uv": [ 0, 0 ],
            "inflate": 0,
            "mirror": false
          },
           {
            "origin": [ -6, 6, -5 ],
            "size": [ 12, 3, 12 ],
            "uv": [ 0, 0 ],
            "inflate": 0,
            "mirror": true
          },
           {
            "origin": [ -5, 9, -4 ],
            "size": [ 10, 2, 10 ],
            "uv": [ 0, 15 ],
            "inflate": 0,
            "mirror": false
          },
           {
            "origin": [ -4, 11, -3 ],
            "size": [ 8, 2, 8 ],
            "uv": [ 0, 27 ],
            "inflate": 0,
            "mirror": false
          },
           {
            "origin": [ -3, 13, -2 ],
            "size": [ 6, 1, 6 ],
            "uv": [ 0, 37 ],
            "inflate": 0,
            "mirror": false
          },
           {
            "origin": [ -1, 14, 0 ],
            "size": [ 2, 1, 2 ],
            "uv": [ 0, 0 ],
            "inflate": 0,
            "mirror": false
          }
        ],
        "META_BoneType": "base",
        "name": "rightLeg",
        "parent": null
      },
      {
        "pivot": [ 1.9, 12, 0 ],
         "rotation": [ 0, 0, 0 ],
          "cubes": [ 
           {
            "origin": [ 0, 0, 0 ],
            "size": [ 0, 0, 0 ],
            "uv": [ 0, 0 ],
            "inflate": 0,
            "mirror": false
          }
        ],
        "META_BoneType": "armor",
        "name": "leftLegging",
        "parent": "leftLeg"
      },
      {
        "pivot": [ -1.9, 12, 0 ],
         "rotation": [ 0, 0, 0 ],
          "cubes": [ 
           {
            "origin": [ 0, 0, 0 ],
            "size": [ 0, 0, 0 ],
            "uv": [ 0, 0 ],
            "inflate": 0,
            "mirror": false
          }
        ],
        "META_BoneType": "armor",
        "name": "rightLegging",
        "parent": "rightLeg"
      },
      {
        "pivot": [ 1.9, 12, 0 ],
         "rotation": [ 0, 0, 0 ],
          "cubes": [ 
           {
            "origin": [ -0.1, 0, -2 ],
            "size": [ 0, 0, 0 ],
            "uv": [ 0, 0 ],
            "inflate": 0.25,
            "mirror": false
          }
        ],
        "META_BoneType": "clothing",
        "name": "leftPants",
        "parent": "leftLeg"
      },
      {
        "pivot": [ -1.9, 12, 0 ],
         "rotation": [ 0, 0, 0 ],
          "cubes": [ 
           {
            "origin": [ -3.9, 0, -2 ],
            "size": [ 0, 0, 0 ],
            "uv": [ 0, 0 ],
            "inflate": 0.25,
            "mirror": false
          }
        ],
        "META_BoneType": "clothing",
        "name": "rightPants",
        "parent": "rightLeg"
      },
      {
        "pivot": [ 0, 24, 0 ],
         "rotation": [ 0, 0, 0 ],
          "cubes": [ 
           {
            "origin": [ -4, 12, -2 ],
            "size": [ 0, 0, 0 ],
            "uv": [ 0, 0 ],
            "inflate": 0.25,
            "mirror": false
          }
        ],
        "META_BoneType": "clothing",
        "name": "jacket",
        "parent": "body"
      },
      {
        "pivot": [ 0, 24, 0 ],
         "rotation": [ 0, 0, 0 ],
          "cubes": [],
        "META_BoneType": "armor_offset",
        "name": "helmetArmorOffset",
        "parent": "head"
      },
      {
        "pivot": [ 0, 24, 0 ],
         "rotation": [ 0, 0, 0 ],
          "cubes": [],
        "META_BoneType": "armor_offset",
        "name": "bodyArmorOffset",
        "parent": "body"
      },
      {
        "pivot": [ -5, 22, 0 ],
         "rotation": [ 0, 0, 0 ],
          "cubes": [],
        "META_BoneType": "armor_offset",
        "name": "rightArmArmorOffset",
        "parent": "rightArm"
      },
      {
        "pivot": [ 5, 22, 0 ],
         "rotation": [ 0, 0, 0 ],
          "cubes": [],
        "META_BoneType": "armor_offset",
        "name": "leftArmArmorOffset",
        "parent": "leftArm"
      },
      {
        "pivot": [ 0, 12, 0 ],
         "rotation": [ 0, 0, 0 ],
          "cubes": [],
        "META_BoneType": "armor_offset",
        "name": "waist",
        "parent": "body"
      },
      {
        "pivot": [ -1.9, 12, 0 ],
         "rotation": [ 0, 0, 0 ],
          "cubes": [],
        "META_BoneType": "armor_offset",
        "name": "rightLegArmorOffset",
        "parent": "rightLeg"
      },
      {
        "pivot": [ 1.9, 12, 0 ],
         "rotation": [ 0, 0, 0 ],
          "cubes": [],
        "META_BoneType": "armor_offset",
        "name": "leftLegArmorOffset",
        "parent": "leftLeg"
      },
      {
        "pivot": [ -1.9, 12, 0 ],
         "rotation": [ 0, 0, 0 ],
          "cubes": [],
        "META_BoneType": "armor_offset",
        "name": "rightBootArmorOffset",
        "parent": "rightLeg"
      },
      {
        "pivot": [ 1.9, 12, 0 ],
         "rotation": [ 0, 0, 0 ],
          "cubes": [],
        "META_BoneType": "armor_offset",
        "name": "leftBootArmorOffset",
        "parent": "leftLeg"
      },
      {
        "pivot": [ -6, 12, 8 ],
         "rotation": [ 40, 0, 0 ],
          "cubes": [],
        "META_BoneType": "item",
        "name": "rightItem",
        "parent": "rightArm"
      },
      {
        "pivot": [ 6, 12, 8 ],
         "rotation": [ 40, 0, 0 ],
          "cubes": [],
        "META_BoneType": "item",
        "name": "leftItem",
        "parent": "leftArm"
      }
    ],
    "texturewidth": 64,
    "textureheight": 64,
    "META_ModelVersion": "1.0.6",
    "rigtype": "normal",
    "animationArmsDown": true,
    "animationArmsOutFront": false,
    "animationStatueOfLibertyArms": false,
    "animationSingleArmAnimation": false,
    "animationStationaryLegs": true,
    "animationSingleLegAnimation": false,
    "animationDontShowArmor": true,
    "animationNoHeadBob": false,
    "animationUpsideDown": false,
    "animationInvertedCrouch": false
  }
}
